project,from_name,to_name,from_url,to_url,from_fqs,from_tctracer_fqs,from_testlinker_fqs,to_fqs,to_tctracer_fqs,to_testlinker_fqs
commons-io,testReadFileToByteArray,readFileToByteArray,https://github.com/apache/commons-io/blob/4077158829de92987367d3149e4ba71356bb5390/src/test/java/org/apache/commons/io/FileUtilsTestCase.java#L1950,https://github.com/apache/commons-io/blob/4077158829de92987367d3149e4ba71356bb5390/src/main/java/org/apache/commons/io/FileUtils.java#L1812,org.apache.commons.io.FileUtilsTestCase.testReadFileToByteArray(),org.apache.commons.io.FileUtilsTestCase.testReadFileToByteArray(),org.apache.commons.io.FileUtilsTestCase.testReadFileToByteArray(),org.apache.commons.io.FileUtils.readFileToByteArray(java.io.File),org.apache.commons.io.FileUtils.readFileToByteArray(File),org.apache.commons.io.FileUtils.readFileToByteArray(File)
commons-io,testTempFileBelowThreshold,write,https://github.com/apache/commons-io/blob/4077158829de92987367d3149e4ba71356bb5390/src/test/java/org/apache/commons/io/output/DeferredFileOutputStreamTest.java#L244,https://github.com/apache/commons-io/blob/4077158829de92987367d3149e4ba71356bb5390/src/main/java/org/apache/commons/io/output/ThresholdingOutputStream.java#L126,org.apache.commons.io.output.DeferredFileOutputStreamTest.testTempFileBelowThreshold(),org.apache.commons.io.output.DeferredFileOutputStreamTest.testTempFileBelowThreshold(),org.apache.commons.io.output.DeferredFileOutputStreamTest.testTempFileBelowThreshold(),"org.apache.commons.io.output.ThresholdingOutputStream.write(byte[], int, int)","org.apache.commons.io.output.ThresholdingOutputStream.write(byte[], int, int)","org.apache.commons.io.output.ThresholdingOutputStream.write(byte[], int, int)"
commons-io,testCopyDirectoryToDirectory_NonExistingDest,copyDirectoryToDirectory,https://github.com/apache/commons-io/blob/4077158829de92987367d3149e4ba71356bb5390/src/test/java/org/apache/commons/io/FileUtilsTestCase.java#L1294,https://github.com/apache/commons-io/blob/4077158829de92987367d3149e4ba71356bb5390/src/main/java/org/apache/commons/io/FileUtils.java#L1196,org.apache.commons.io.FileUtilsTestCase.testCopyDirectoryToDirectory_NonExistingDest(),org.apache.commons.io.FileUtilsTestCase.testCopyDirectoryToDirectory_NonExistingDest(),org.apache.commons.io.FileUtilsTestCase.testCopyDirectoryToDirectory_NonExistingDest(),"org.apache.commons.io.FileUtils.copyDirectoryToDirectory(java.io.File, java.io.File)","org.apache.commons.io.FileUtils.copyDirectoryToDirectory(File, File)","org.apache.commons.io.FileUtils.copyDirectoryToDirectory(File, File)"
commons-io,testLargeUTF8WithSingleByteWrite,WriterOutputStream,https://github.com/apache/commons-io/blob/4077158829de92987367d3149e4ba71356bb5390/src/test/java/org/apache/commons/io/output/WriterOutputStreamTest.java#L73,https://github.com/apache/commons-io/blob/4077158829de92987367d3149e4ba71356bb5390/src/main/java/org/apache/commons/io/output/WriterOutputStream.java#L189,org.apache.commons.io.output.WriterOutputStreamTest.testLargeUTF8WithSingleByteWrite(),org.apache.commons.io.output.WriterOutputStreamTest.testLargeUTF8WithSingleByteWrite(),org.apache.commons.io.output.WriterOutputStreamTest.testLargeUTF8WithSingleByteWrite(),"org.apache.commons.io.output.WriterOutputStream.WriterOutputStream(java.io.Writer, java.lang.String)","org.apache.commons.io.output.WriterOutputStream.WriterOutputStream(Writer, String)","org.apache.commons.io.output.WriterOutputStream.WriterOutputStream(Writer, String)"
commons-io,testLargeUTF8WithSingleByteWrite,write,https://github.com/apache/commons-io/blob/4077158829de92987367d3149e4ba71356bb5390/src/test/java/org/apache/commons/io/output/WriterOutputStreamTest.java#L73,https://github.com/apache/commons-io/blob/4077158829de92987367d3149e4ba71356bb5390/src/main/java/org/apache/commons/io/output/WriterOutputStream.java#L246,org.apache.commons.io.output.WriterOutputStreamTest.testLargeUTF8WithSingleByteWrite(),org.apache.commons.io.output.WriterOutputStreamTest.testLargeUTF8WithSingleByteWrite(),org.apache.commons.io.output.WriterOutputStreamTest.testLargeUTF8WithSingleByteWrite(),org.apache.commons.io.output.WriterOutputStream.write(int),org.apache.commons.io.output.WriterOutputStream.write(int),org.apache.commons.io.output.WriterOutputStream.write(int)
commons-io,testClose,close,https://github.com/apache/commons-io/blob/4077158829de92987367d3149e4ba71356bb5390/src/test/java/org/apache/commons/io/input/AutoCloseInputStreamTest.java#L54,https://github.com/apache/commons-io/blob/4077158829de92987367d3149e4ba71356bb5390/src/main/java/org/apache/commons/io/input/AutoCloseInputStream.java#L64,org.apache.commons.io.input.AutoCloseInputStreamTest.testClose(),org.apache.commons.io.input.AutoCloseInputStreamTest.testClose(),org.apache.commons.io.input.AutoCloseInputStreamTest.testClose(),org.apache.commons.io.input.AutoCloseInputStream.close(),org.apache.commons.io.input.AutoCloseInputStream.close(),org.apache.commons.io.input.AutoCloseInputStream.close()
commons-io,testResetting,getCount,https://github.com/apache/commons-io/blob/4077158829de92987367d3149e4ba71356bb5390/src/test/java/org/apache/commons/io/input/CountingInputStreamTest.java#L106,https://github.com/apache/commons-io/blob/4077158829de92987367d3149e4ba71356bb5390/src/main/java/org/apache/commons/io/input/CountingInputStream.java#L89,org.apache.commons.io.input.CountingInputStreamTest.testResetting(),org.apache.commons.io.input.CountingInputStreamTest.testResetting(),org.apache.commons.io.input.CountingInputStreamTest.testResetting(),org.apache.commons.io.input.CountingInputStream.getCount(),org.apache.commons.io.input.CountingInputStream.getCount(),org.apache.commons.io.input.CountingInputStream.getCount()
commons-io,testResetting,resetCount,https://github.com/apache/commons-io/blob/4077158829de92987367d3149e4ba71356bb5390/src/test/java/org/apache/commons/io/input/CountingInputStreamTest.java#L106,https://github.com/apache/commons-io/blob/4077158829de92987367d3149e4ba71356bb5390/src/main/java/org/apache/commons/io/input/CountingInputStream.java#L107,org.apache.commons.io.input.CountingInputStreamTest.testResetting(),org.apache.commons.io.input.CountingInputStreamTest.testResetting(),org.apache.commons.io.input.CountingInputStreamTest.testResetting(),org.apache.commons.io.input.CountingInputStream.resetCount(),org.apache.commons.io.input.CountingInputStream.resetCount(),org.apache.commons.io.input.CountingInputStream.resetCount()
commons-io,testResetting,read,https://github.com/apache/commons-io/blob/4077158829de92987367d3149e4ba71356bb5390/src/test/java/org/apache/commons/io/input/CountingInputStreamTest.java#L106,https://github.com/apache/commons-io/blob/4077158829de92987367d3149e4ba71356bb5390/src/main/java/org/apache/commons/io/input/ProxyInputStream.java#L97,org.apache.commons.io.input.CountingInputStreamTest.testResetting(),org.apache.commons.io.input.CountingInputStreamTest.testResetting(),org.apache.commons.io.input.CountingInputStreamTest.testResetting(),"org.apache.commons.io.input.ProxyInputStream.read(byte[], int, int)","org.apache.commons.io.input.ProxyInputStream.read(byte[], int, int)","org.apache.commons.io.input.ProxyInputStream.read(byte[], int, int)"
commons-io,testRead_ReadableByteChannel,read,https://github.com/apache/commons-io/blob/4077158829de92987367d3149e4ba71356bb5390/src/test/java/org/apache/commons/io/IOUtilsTestCase.java#L603,https://github.com/apache/commons-io/blob/4077158829de92987367d3149e4ba71356bb5390/src/main/java/org/apache/commons/io/IOUtils.java#L2947,org.apache.commons.io.IOUtilsTestCase.testRead_ReadableByteChannel(),org.apache.commons.io.IOUtilsTestCase.testRead_ReadableByteChannel(),org.apache.commons.io.IOUtilsTestCase.testRead_ReadableByteChannel(),"org.apache.commons.io.IOUtils.read(java.nio.channels.ReadableByteChannel, java.nio.ByteBuffer)","org.apache.commons.io.IOUtils.read(ReadableByteChannel, ByteBuffer)","org.apache.commons.io.IOUtils.read(ReadableByteChannel, ByteBuffer)"
commons-io,testRead_ReadableByteChannel,readFully,https://github.com/apache/commons-io/blob/4077158829de92987367d3149e4ba71356bb5390/src/test/java/org/apache/commons/io/IOUtilsTestCase.java#L603,https://github.com/apache/commons-io/blob/4077158829de92987367d3149e4ba71356bb5390/src/main/java/org/apache/commons/io/IOUtils.java#L3070,org.apache.commons.io.IOUtilsTestCase.testRead_ReadableByteChannel(),org.apache.commons.io.IOUtilsTestCase.testRead_ReadableByteChannel(),org.apache.commons.io.IOUtilsTestCase.testRead_ReadableByteChannel(),"org.apache.commons.io.IOUtils.readFully(java.nio.channels.ReadableByteChannel, java.nio.ByteBuffer)","org.apache.commons.io.IOUtils.readFully(ReadableByteChannel, ByteBuffer)","org.apache.commons.io.IOUtils.readFully(ReadableByteChannel, ByteBuffer)"
commons-io,twoLinesAtEnd,read,https://github.com/apache/commons-io/blob/4077158829de92987367d3149e4ba71356bb5390/src/test/java/org/apache/commons/io/input/WindowsLineEndingInputStreamTest.java#L43,https://github.com/apache/commons-io/blob/4077158829de92987367d3149e4ba71356bb5390/src/main/java/org/apache/commons/io/input/WindowsLineEndingInputStream.java#L72,org.apache.commons.io.input.WindowsLineEndingInputStreamTest.twoLinesAtEnd(),org.apache.commons.io.input.WindowsLineEndingInputStreamTest.twoLinesAtEnd(),org.apache.commons.io.input.WindowsLineEndingInputStreamTest.twoLinesAtEnd(),org.apache.commons.io.input.WindowsLineEndingInputStream.read(),org.apache.commons.io.input.WindowsLineEndingInputStream.read(),org.apache.commons.io.input.WindowsLineEndingInputStream.read()
commons-io,ourTestClassAcceptedFirstWildcard,accept,https://github.com/apache/commons-io/blob/4077158829de92987367d3149e4ba71356bb5390/src/test/java/org/apache/commons/io/serialization/ValidatingObjectInputStreamTest.java#L165,https://github.com/apache/commons-io/blob/4077158829de92987367d3149e4ba71356bb5390/src/main/java/org/apache/commons/io/serialization/ValidatingObjectInputStream.java#L140,org.apache.commons.io.serialization.ValidatingObjectInputStreamTest.ourTestClassAcceptedFirstWildcard(),org.apache.commons.io.serialization.ValidatingObjectInputStreamTest.ourTestClassAcceptedFirstWildcard(),org.apache.commons.io.serialization.ValidatingObjectInputStreamTest.ourTestClassAcceptedFirstWildcard(),org.apache.commons.io.serialization.ValidatingObjectInputStream.accept(java.lang.String...),org.apache.commons.io.serialization.ValidatingObjectInputStream.accept(String[]),org.apache.commons.io.serialization.ValidatingObjectInputStream.accept(String[])
commons-io,testWriteStringBuilder,getAppendable,https://github.com/apache/commons-io/blob/4077158829de92987367d3149e4ba71356bb5390/src/test/java/org/apache/commons/io/output/AppendableOutputStreamTest.java#L39,https://github.com/apache/commons-io/blob/4077158829de92987367d3149e4ba71356bb5390/src/main/java/org/apache/commons/io/output/AppendableOutputStream.java#L62,org.apache.commons.io.output.AppendableOutputStreamTest.testWriteStringBuilder(),org.apache.commons.io.output.AppendableOutputStreamTest.testWriteStringBuilder(),org.apache.commons.io.output.AppendableOutputStreamTest.testWriteStringBuilder(),org.apache.commons.io.output.AppendableOutputStream.getAppendable(),org.apache.commons.io.output.AppendableOutputStream.getAppendable(),org.apache.commons.io.output.AppendableOutputStream.getAppendable()
commons-io,testWriteStringBuilder,write,https://github.com/apache/commons-io/blob/4077158829de92987367d3149e4ba71356bb5390/src/test/java/org/apache/commons/io/output/AppendableOutputStreamTest.java#L39,https://github.com/apache/commons-io/blob/4077158829de92987367d3149e4ba71356bb5390/src/main/java/org/apache/commons/io/output/AppendableOutputStream.java#L53,org.apache.commons.io.output.AppendableOutputStreamTest.testWriteStringBuilder(),org.apache.commons.io.output.AppendableOutputStreamTest.testWriteStringBuilder(),org.apache.commons.io.output.AppendableOutputStreamTest.testWriteStringBuilder(),org.apache.commons.io.output.AppendableOutputStream.write(int),org.apache.commons.io.output.AppendableOutputStream.write(int),org.apache.commons.io.output.AppendableOutputStream.write(int)
commons-io,testWriteNullBaSucceeds,write,https://github.com/apache/commons-io/blob/4077158829de92987367d3149e4ba71356bb5390/src/test/java/org/apache/commons/io/output/ProxyOutputStreamTest.java#L57,https://github.com/apache/commons-io/blob/4077158829de92987367d3149e4ba71356bb5390/src/main/java/org/apache/commons/io/output/ProxyOutputStream.java#L68,org.apache.commons.io.output.ProxyOutputStreamTest.testWriteNullBaSucceeds(),org.apache.commons.io.output.ProxyOutputStreamTest.testWriteNullBaSucceeds(),org.apache.commons.io.output.ProxyOutputStreamTest.testWriteNullBaSucceeds(),org.apache.commons.io.output.ProxyOutputStream.write(byte[]),org.apache.commons.io.output.ProxyOutputStream.write(byte[]),org.apache.commons.io.output.ProxyOutputStream.write(byte[])
commons-io,testWriteLines_3argsWithAppendOptionTrue_ShouldNotDeletePreviousFileLines,readFileToString,https://github.com/apache/commons-io/blob/4077158829de92987367d3149e4ba71356bb5390/src/test/java/org/apache/commons/io/FileUtilsTestCase.java#L2186,https://github.com/apache/commons-io/blob/4077158829de92987367d3149e4ba71356bb5390/src/main/java/org/apache/commons/io/FileUtils.java#L1799,org.apache.commons.io.FileUtilsTestCase.testWriteLines_3argsWithAppendOptionTrue_ShouldNotDeletePreviousFileLines(),org.apache.commons.io.FileUtilsTestCase.testWriteLines_3argsWithAppendOptionTrue_ShouldNotDeletePreviousFileLines(),org.apache.commons.io.FileUtilsTestCase.testWriteLines_3argsWithAppendOptionTrue_ShouldNotDeletePreviousFileLines(),org.apache.commons.io.FileUtils.readFileToString(java.io.File),org.apache.commons.io.FileUtils.readFileToString(File),org.apache.commons.io.FileUtils.readFileToString(File)
commons-io,testWriteLines_3argsWithAppendOptionTrue_ShouldNotDeletePreviousFileLines,writeLines,https://github.com/apache/commons-io/blob/4077158829de92987367d3149e4ba71356bb5390/src/test/java/org/apache/commons/io/FileUtilsTestCase.java#L2186,https://github.com/apache/commons-io/blob/4077158829de92987367d3149e4ba71356bb5390/src/main/java/org/apache/commons/io/FileUtils.java#L2266,org.apache.commons.io.FileUtilsTestCase.testWriteLines_3argsWithAppendOptionTrue_ShouldNotDeletePreviousFileLines(),org.apache.commons.io.FileUtilsTestCase.testWriteLines_3argsWithAppendOptionTrue_ShouldNotDeletePreviousFileLines(),org.apache.commons.io.FileUtilsTestCase.testWriteLines_3argsWithAppendOptionTrue_ShouldNotDeletePreviousFileLines(),"org.apache.commons.io.FileUtils.writeLines(java.io.File, java.util.Collection<?>, boolean)","org.apache.commons.io.FileUtils.writeLines(File, Collection, boolean)","org.apache.commons.io.FileUtils.writeLines(File, Collection, boolean)"
commons-io,testWriteLines_3argsWithAppendOptionTrue_ShouldNotDeletePreviousFileLines,writeStringToFile,https://github.com/apache/commons-io/blob/4077158829de92987367d3149e4ba71356bb5390/src/test/java/org/apache/commons/io/FileUtilsTestCase.java#L2186,https://github.com/apache/commons-io/blob/4077158829de92987367d3149e4ba71356bb5390/src/main/java/org/apache/commons/io/FileUtils.java#L2016,org.apache.commons.io.FileUtilsTestCase.testWriteLines_3argsWithAppendOptionTrue_ShouldNotDeletePreviousFileLines(),org.apache.commons.io.FileUtilsTestCase.testWriteLines_3argsWithAppendOptionTrue_ShouldNotDeletePreviousFileLines(),org.apache.commons.io.FileUtilsTestCase.testWriteLines_3argsWithAppendOptionTrue_ShouldNotDeletePreviousFileLines(),"org.apache.commons.io.FileUtils.writeStringToFile(java.io.File, java.lang.String)","org.apache.commons.io.FileUtils.writeStringToFile(File, String)","org.apache.commons.io.FileUtils.writeStringToFile(File, String)"
commons-io,testWriteLines_4argsWithAppendOptionTrue_ShouldNotDeletePreviousFileLines,readFileToString,https://github.com/apache/commons-io/blob/4077158829de92987367d3149e4ba71356bb5390/src/test/java/org/apache/commons/io/FileUtilsTestCase.java#L2123,https://github.com/apache/commons-io/blob/4077158829de92987367d3149e4ba71356bb5390/src/main/java/org/apache/commons/io/FileUtils.java#L1799,org.apache.commons.io.FileUtilsTestCase.testWriteLines_4argsWithAppendOptionTrue_ShouldNotDeletePreviousFileLines(),org.apache.commons.io.FileUtilsTestCase.testWriteLines_4argsWithAppendOptionTrue_ShouldNotDeletePreviousFileLines(),org.apache.commons.io.FileUtilsTestCase.testWriteLines_4argsWithAppendOptionTrue_ShouldNotDeletePreviousFileLines(),org.apache.commons.io.FileUtils.readFileToString(java.io.File),org.apache.commons.io.FileUtils.readFileToString(File),org.apache.commons.io.FileUtils.readFileToString(File)
commons-io,testWriteLines_4argsWithAppendOptionTrue_ShouldNotDeletePreviousFileLines,writeLines,https://github.com/apache/commons-io/blob/4077158829de92987367d3149e4ba71356bb5390/src/test/java/org/apache/commons/io/FileUtilsTestCase.java#L2123,https://github.com/apache/commons-io/blob/4077158829de92987367d3149e4ba71356bb5390/src/main/java/org/apache/commons/io/FileUtils.java#L2349,org.apache.commons.io.FileUtilsTestCase.testWriteLines_4argsWithAppendOptionTrue_ShouldNotDeletePreviousFileLines(),org.apache.commons.io.FileUtilsTestCase.testWriteLines_4argsWithAppendOptionTrue_ShouldNotDeletePreviousFileLines(),org.apache.commons.io.FileUtilsTestCase.testWriteLines_4argsWithAppendOptionTrue_ShouldNotDeletePreviousFileLines(),"org.apache.commons.io.FileUtils.writeLines(java.io.File, java.util.Collection<?>, java.lang.String, boolean)","org.apache.commons.io.FileUtils.writeLines(File, Collection, String, boolean)","org.apache.commons.io.FileUtils.writeLines(File, Collection, String, boolean)"
commons-io,testWriteLines_4argsWithAppendOptionTrue_ShouldNotDeletePreviousFileLines,writeStringToFile,https://github.com/apache/commons-io/blob/4077158829de92987367d3149e4ba71356bb5390/src/test/java/org/apache/commons/io/FileUtilsTestCase.java#L2123,https://github.com/apache/commons-io/blob/4077158829de92987367d3149e4ba71356bb5390/src/main/java/org/apache/commons/io/FileUtils.java#L2016,org.apache.commons.io.FileUtilsTestCase.testWriteLines_4argsWithAppendOptionTrue_ShouldNotDeletePreviousFileLines(),org.apache.commons.io.FileUtilsTestCase.testWriteLines_4argsWithAppendOptionTrue_ShouldNotDeletePreviousFileLines(),org.apache.commons.io.FileUtilsTestCase.testWriteLines_4argsWithAppendOptionTrue_ShouldNotDeletePreviousFileLines(),"org.apache.commons.io.FileUtils.writeStringToFile(java.io.File, java.lang.String)","org.apache.commons.io.FileUtils.writeStringToFile(File, String)","org.apache.commons.io.FileUtils.writeStringToFile(File, String)"
commons-io,testWriteLines_5argsWithAppendOptionFalse_ShouldDeletePreviousFileLines,readFileToString,https://github.com/apache/commons-io/blob/4077158829de92987367d3149e4ba71356bb5390/src/test/java/org/apache/commons/io/FileUtilsTestCase.java#L2108,https://github.com/apache/commons-io/blob/4077158829de92987367d3149e4ba71356bb5390/src/main/java/org/apache/commons/io/FileUtils.java#L1799,org.apache.commons.io.FileUtilsTestCase.testWriteLines_5argsWithAppendOptionFalse_ShouldDeletePreviousFileLines(),org.apache.commons.io.FileUtilsTestCase.testWriteLines_5argsWithAppendOptionFalse_ShouldDeletePreviousFileLines(),org.apache.commons.io.FileUtilsTestCase.testWriteLines_5argsWithAppendOptionFalse_ShouldDeletePreviousFileLines(),org.apache.commons.io.FileUtils.readFileToString(java.io.File),org.apache.commons.io.FileUtils.readFileToString(File),org.apache.commons.io.FileUtils.readFileToString(File)
commons-io,testWriteLines_5argsWithAppendOptionFalse_ShouldDeletePreviousFileLines,writeLines,https://github.com/apache/commons-io/blob/4077158829de92987367d3149e4ba71356bb5390/src/test/java/org/apache/commons/io/FileUtilsTestCase.java#L2108,https://github.com/apache/commons-io/blob/4077158829de92987367d3149e4ba71356bb5390/src/main/java/org/apache/commons/io/FileUtils.java#L2306,org.apache.commons.io.FileUtilsTestCase.testWriteLines_5argsWithAppendOptionFalse_ShouldDeletePreviousFileLines(),org.apache.commons.io.FileUtilsTestCase.testWriteLines_5argsWithAppendOptionFalse_ShouldDeletePreviousFileLines(),org.apache.commons.io.FileUtilsTestCase.testWriteLines_5argsWithAppendOptionFalse_ShouldDeletePreviousFileLines(),"org.apache.commons.io.FileUtils.writeLines(java.io.File, java.lang.String, java.util.Collection<?>, java.lang.String, boolean)","org.apache.commons.io.FileUtils.writeLines(File, String, Collection, String, boolean)","org.apache.commons.io.FileUtils.writeLines(File, String, Collection, String, boolean)"
commons-io,testWriteLines_5argsWithAppendOptionFalse_ShouldDeletePreviousFileLines,writeStringToFile,https://github.com/apache/commons-io/blob/4077158829de92987367d3149e4ba71356bb5390/src/test/java/org/apache/commons/io/FileUtilsTestCase.java#L2108,https://github.com/apache/commons-io/blob/4077158829de92987367d3149e4ba71356bb5390/src/main/java/org/apache/commons/io/FileUtils.java#L2016,org.apache.commons.io.FileUtilsTestCase.testWriteLines_5argsWithAppendOptionFalse_ShouldDeletePreviousFileLines(),org.apache.commons.io.FileUtilsTestCase.testWriteLines_5argsWithAppendOptionFalse_ShouldDeletePreviousFileLines(),org.apache.commons.io.FileUtilsTestCase.testWriteLines_5argsWithAppendOptionFalse_ShouldDeletePreviousFileLines(),"org.apache.commons.io.FileUtils.writeStringToFile(java.io.File, java.lang.String)","org.apache.commons.io.FileUtils.writeStringToFile(File, String)","org.apache.commons.io.FileUtils.writeStringToFile(File, String)"
commons-io,testAppendChar,append,https://github.com/apache/commons-io/blob/4077158829de92987367d3149e4ba71356bb5390/src/test/java/org/apache/commons/io/output/StringBuilderWriterTest.java#L64,https://github.com/apache/commons-io/blob/4077158829de92987367d3149e4ba71356bb5390/src/main/java/org/apache/commons/io/output/StringBuilderWriter.java#L73,org.apache.commons.io.output.StringBuilderWriterTest.testAppendChar(),org.apache.commons.io.output.StringBuilderWriterTest.testAppendChar(),org.apache.commons.io.output.StringBuilderWriterTest.testAppendChar(),org.apache.commons.io.output.StringBuilderWriter.append(char),org.apache.commons.io.output.StringBuilderWriter.append(char),org.apache.commons.io.output.StringBuilderWriter.append(char)
commons-io,testIO300,moveDirectoryToDirectory,https://github.com/apache/commons-io/blob/4077158829de92987367d3149e4ba71356bb5390/src/test/java/org/apache/commons/io/FileUtilsTestCase.java#L3002,https://github.com/apache/commons-io/blob/4077158829de92987367d3149e4ba71356bb5390/src/main/java/org/apache/commons/io/FileUtils.java#L2937,org.apache.commons.io.FileUtilsTestCase.testIO300(),org.apache.commons.io.FileUtilsTestCase.testIO300(),org.apache.commons.io.FileUtilsTestCase.testIO300(),"org.apache.commons.io.FileUtils.moveDirectoryToDirectory(java.io.File, java.io.File, boolean)","org.apache.commons.io.FileUtils.moveDirectoryToDirectory(File, File, boolean)","org.apache.commons.io.FileUtils.moveDirectoryToDirectory(File, File, boolean)"
commons-io,testGetPathNoEndSeparator_with_null_byte,getPathNoEndSeparator,https://github.com/apache/commons-io/blob/4077158829de92987367d3149e4ba71356bb5390/src/test/java/org/apache/commons/io/FilenameUtilsTestCase.java#L737,https://github.com/apache/commons-io/blob/4077158829de92987367d3149e4ba71356bb5390/src/main/java/org/apache/commons/io/FilenameUtils.java#L830,org.apache.commons.io.FilenameUtilsTestCase.testGetPathNoEndSeparator_with_null_byte(),org.apache.commons.io.FilenameUtilsTestCase.testGetPathNoEndSeparator_with_null_byte(),org.apache.commons.io.FilenameUtilsTestCase.testGetPathNoEndSeparator_with_null_byte(),org.apache.commons.io.FilenameUtils.getPathNoEndSeparator(java.lang.String),org.apache.commons.io.FilenameUtils.getPathNoEndSeparator(String),org.apache.commons.io.FilenameUtils.getPathNoEndSeparator(String)
commons-io,testCancel,handleCancelled,https://github.com/apache/commons-io/blob/4077158829de92987367d3149e4ba71356bb5390/src/test/java/org/apache/commons/io/DirectoryWalkerTestCase.java#L281,https://github.com/apache/commons-io/blob/4077158829de92987367d3149e4ba71356bb5390/src/main/java/org/apache/commons/io/DirectoryWalker.java#L454,org.apache.commons.io.DirectoryWalkerTestCase.testCancel(),org.apache.commons.io.DirectoryWalkerTestCase.testCancel(),org.apache.commons.io.DirectoryWalkerTestCase.testCancel(),"org.apache.commons.io.DirectoryWalker.handleCancelled(java.io.File, java.util.Collection<T>, org.apache.commons.io.DirectoryWalker.CancelException)","org.apache.commons.io.DirectoryWalker.handleCancelled(File, Collection, CancelException)","org.apache.commons.io.DirectoryWalker.handleCancelled(File, Collection, CancelException)"
commons-io,testCancel,walk,https://github.com/apache/commons-io/blob/4077158829de92987367d3149e4ba71356bb5390/src/test/java/org/apache/commons/io/DirectoryWalkerTestCase.java#L281,https://github.com/apache/commons-io/blob/4077158829de92987367d3149e4ba71356bb5390/src/main/java/org/apache/commons/io/DirectoryWalker.java#L329,org.apache.commons.io.DirectoryWalkerTestCase.testCancel(),org.apache.commons.io.DirectoryWalkerTestCase.testCancel(),org.apache.commons.io.DirectoryWalkerTestCase.testCancel(),"org.apache.commons.io.DirectoryWalker.walk(java.io.File, java.util.Collection<T>)","org.apache.commons.io.DirectoryWalker.walk(File, Collection)","org.apache.commons.io.DirectoryWalker.walk(File, Collection)"
commons-io,testMissingStartDirectory,walk,https://github.com/apache/commons-io/blob/4077158829de92987367d3149e4ba71356bb5390/src/test/java/org/apache/commons/io/DirectoryWalkerTestCase.java#L195,https://github.com/apache/commons-io/blob/4077158829de92987367d3149e4ba71356bb5390/src/main/java/org/apache/commons/io/DirectoryWalker.java#L329,org.apache.commons.io.DirectoryWalkerTestCase.testMissingStartDirectory(),org.apache.commons.io.DirectoryWalkerTestCase.testMissingStartDirectory(),org.apache.commons.io.DirectoryWalkerTestCase.testMissingStartDirectory(),"org.apache.commons.io.DirectoryWalker.walk(java.io.File, java.util.Collection<T>)","org.apache.commons.io.DirectoryWalker.walk(File, Collection)","org.apache.commons.io.DirectoryWalker.walk(File, Collection)"
commons-io,testMoveDirectory_Errors,moveDirectory,https://github.com/apache/commons-io/blob/4077158829de92987367d3149e4ba71356bb5390/src/test/java/org/apache/commons/io/FileUtilsTestCase.java#L2803,https://github.com/apache/commons-io/blob/4077158829de92987367d3149e4ba71356bb5390/src/main/java/org/apache/commons/io/FileUtils.java#L2894,org.apache.commons.io.FileUtilsTestCase.testMoveDirectory_Errors(),org.apache.commons.io.FileUtilsTestCase.testMoveDirectory_Errors(),org.apache.commons.io.FileUtilsTestCase.testMoveDirectory_Errors(),"org.apache.commons.io.FileUtils.moveDirectory(java.io.File, java.io.File)","org.apache.commons.io.FileUtils.moveDirectory(File, File)","org.apache.commons.io.FileUtils.moveDirectory(File, File)"
commons-io,testMoveFileToDirectory_Errors,moveFileToDirectory,https://github.com/apache/commons-io/blob/4077158829de92987367d3149e4ba71356bb5390/src/test/java/org/apache/commons/io/FileUtilsTestCase.java#L2673,https://github.com/apache/commons-io/blob/4077158829de92987367d3149e4ba71356bb5390/src/main/java/org/apache/commons/io/FileUtils.java#L3015,org.apache.commons.io.FileUtilsTestCase.testMoveFileToDirectory_Errors(),org.apache.commons.io.FileUtilsTestCase.testMoveFileToDirectory_Errors(),org.apache.commons.io.FileUtilsTestCase.testMoveFileToDirectory_Errors(),"org.apache.commons.io.FileUtils.moveFileToDirectory(java.io.File, java.io.File, boolean)","org.apache.commons.io.FileUtils.moveFileToDirectory(File, File, boolean)","org.apache.commons.io.FileUtils.moveFileToDirectory(File, File, boolean)"
commons-io,testTaggedIOException,TaggedIOException,https://github.com/apache/commons-io/blob/4077158829de92987367d3149e4ba71356bb5390/src/test/java/org/apache/commons/io/TaggedIOExceptionTest.java#L36,https://github.com/apache/commons-io/blob/4077158829de92987367d3149e4ba71356bb5390/src/main/java/org/apache/commons/io/TaggedIOException.java#L111,org.apache.commons.io.TaggedIOExceptionTest.testTaggedIOException(),org.apache.commons.io.TaggedIOExceptionTest.testTaggedIOException(),org.apache.commons.io.TaggedIOExceptionTest.testTaggedIOException(),"org.apache.commons.io.TaggedIOException.TaggedIOException(java.io.IOException, java.io.Serializable)","org.apache.commons.io.TaggedIOException.TaggedIOException(IOException, Serializable)","org.apache.commons.io.TaggedIOException.TaggedIOException(IOException, Serializable)"
commons-io,testTaggedIOException,isTaggedWith,https://github.com/apache/commons-io/blob/4077158829de92987367d3149e4ba71356bb5390/src/test/java/org/apache/commons/io/TaggedIOExceptionTest.java#L36,https://github.com/apache/commons-io/blob/4077158829de92987367d3149e4ba71356bb5390/src/main/java/org/apache/commons/io/TaggedIOException.java#L65,org.apache.commons.io.TaggedIOExceptionTest.testTaggedIOException(),org.apache.commons.io.TaggedIOExceptionTest.testTaggedIOException(),org.apache.commons.io.TaggedIOExceptionTest.testTaggedIOException(),"org.apache.commons.io.TaggedIOException.isTaggedWith(java.lang.Throwable, java.lang.Object)","org.apache.commons.io.TaggedIOException.isTaggedWith(Throwable, Object)","org.apache.commons.io.TaggedIOException.isTaggedWith(Throwable, Object)"
commons-io,test_serialization,values,https://github.com/apache/commons-io/blob/4077158829de92987367d3149e4ba71356bb5390/src/test/java/org/apache/commons/io/IOCaseTestCase.java#L60,,org.apache.commons.io.IOCaseTestCase.test_serialization(),org.apache.commons.io.IOCaseTestCase.test_serialization(),org.apache.commons.io.IOCaseTestCase.test_serialization(),,org.apache.commons.io.IOCase.values(),org.apache.commons.io.IOCase.values()
commons-io,testCopyLarge_NoSkip,copyLarge,https://github.com/apache/commons-io/blob/4077158829de92987367d3149e4ba71356bb5390/src/test/java/org/apache/commons/io/IOUtilsTestCase.java#L535,https://github.com/apache/commons-io/blob/4077158829de92987367d3149e4ba71356bb5390/src/main/java/org/apache/commons/io/IOUtils.java#L2177,org.apache.commons.io.IOUtilsTestCase.testCopyLarge_NoSkip(),org.apache.commons.io.IOUtilsTestCase.testCopyLarge_NoSkip(),org.apache.commons.io.IOUtilsTestCase.testCopyLarge_NoSkip(),"org.apache.commons.io.IOUtils.copyLarge(java.io.InputStream, java.io.OutputStream, long, long)","org.apache.commons.io.IOUtils.copyLarge(InputStream, OutputStream, long, long)","org.apache.commons.io.IOUtils.copyLarge(InputStream, OutputStream, long, long)"
commons-io,testSortListNull,sort,https://github.com/apache/commons-io/blob/4077158829de92987367d3149e4ba71356bb5390/src/test/java/org/apache/commons/io/comparator/ComparatorAbstractTestCase.java#L133,https://github.com/apache/commons-io/blob/4077158829de92987367d3149e4ba71356bb5390/src/main/java/org/apache/commons/io/comparator/AbstractFileComparator.java#L60,org.apache.commons.io.comparator.ComparatorAbstractTestCase.testSortListNull(),org.apache.commons.io.comparator.ComparatorAbstractTestCase.testSortListNull(),org.apache.commons.io.comparator.ComparatorAbstractTestCase.testSortListNull(),org.apache.commons.io.comparator.AbstractFileComparator.sort(java.util.List<java.io.File>),org.apache.commons.io.comparator.AbstractFileComparator.sort(List),org.apache.commons.io.comparator.AbstractFileComparator.sort(List)
commons-io,testLatin7Encoding,detectEncoding,https://github.com/apache/commons-io/blob/4077158829de92987367d3149e4ba71356bb5390/src/test/java/org/apache/commons/io/output/XmlStreamWriterTest.java#L132,https://github.com/apache/commons-io/blob/4077158829de92987367d3149e4ba71356bb5390/src/main/java/org/apache/commons/io/output/XmlStreamWriter.java#L153,org.apache.commons.io.output.XmlStreamWriterTest.testLatin7Encoding(),org.apache.commons.io.output.XmlStreamWriterTest.testLatin7Encoding(),org.apache.commons.io.output.XmlStreamWriterTest.testLatin7Encoding(),"org.apache.commons.io.output.XmlStreamWriter.detectEncoding(char[], int, int)","org.apache.commons.io.output.XmlStreamWriter.detectEncoding(char[], int, int)","org.apache.commons.io.output.XmlStreamWriter.detectEncoding(char[], int, int)"
commons-io,testUTF16BEEncoding,detectEncoding,https://github.com/apache/commons-io/blob/4077158829de92987367d3149e4ba71356bb5390/src/test/java/org/apache/commons/io/output/XmlStreamWriterTest.java#L117,https://github.com/apache/commons-io/blob/4077158829de92987367d3149e4ba71356bb5390/src/main/java/org/apache/commons/io/output/XmlStreamWriter.java#L153,org.apache.commons.io.output.XmlStreamWriterTest.testUTF16BEEncoding(),org.apache.commons.io.output.XmlStreamWriterTest.testUTF16BEEncoding(),org.apache.commons.io.output.XmlStreamWriterTest.testUTF16BEEncoding(),"org.apache.commons.io.output.XmlStreamWriter.detectEncoding(char[], int, int)","org.apache.commons.io.output.XmlStreamWriter.detectEncoding(char[], int, int)","org.apache.commons.io.output.XmlStreamWriter.detectEncoding(char[], int, int)"
commons-io,testTextXml,isTextXml,https://github.com/apache/commons-io/blob/4077158829de92987367d3149e4ba71356bb5390/src/test/java/org/apache/commons/io/input/XmlStreamReaderUtilitiesTest.java#L109,https://github.com/apache/commons-io/blob/4077158829de92987367d3149e4ba71356bb5390/src/main/java/org/apache/commons/io/input/XmlStreamReader.java#L775,org.apache.commons.io.input.XmlStreamReaderUtilitiesTest.testTextXml(),org.apache.commons.io.input.XmlStreamReaderUtilitiesTest.testTextXml(),org.apache.commons.io.input.XmlStreamReaderUtilitiesTest.testTextXml(),org.apache.commons.io.input.XmlStreamReader.isTextXml(java.lang.String),org.apache.commons.io.input.XmlStreamReader.isTextXml(String),org.apache.commons.io.input.XmlStreamReader.isTextXml(String)
